niveau,serie,matiere,annee,lien_drive,corrige_dispo,source,type
Probatoire Blanc,TI,Anglais,2024,,0,,blanc
Probatoire Blanc,TI,Anglais,2023,,0,,blanc
Probatoire Blanc,TI,Anglais,2022,,0,,blanc
Probatoire Blanc,TI,Anglais,2021,,0,,blanc
Probatoire Blanc,TI,Anglais,2020,,0,,blanc
Probatoire Blanc,TI,Anglais,2019,,0,,blanc
Probatoire Blanc,TI,Anglais,2018,,0,,blanc
Probatoire Blanc,TI,Anglais,2017,,0,,blanc
Probatoire Blanc,TI,Anglais,2016,,0,,blanc
Probatoire Blanc,TI,Anglais,2015,,0,,blanc
Probatoire Blanc,TI,Anglais,2014,,0,,blanc
Probatoire Blanc,TI,Anglais,2013,,0,,blanc
Probatoire Blanc,TI,Anglais,2012,,0,,blanc
Probatoire Blanc,TI,Anglais,2011,,0,,blanc
Probatoire Blanc,TI,Anglais,2010,,0,,blanc
Probatoire Blanc,TI,Chimie,2024,,0,,blanc
Probatoire Blanc,TI,Chimie,2023,,0,,blanc
Probatoire Blanc,TI,Chimie,2022,,0,,blanc
Probatoire Blanc,TI,Chimie,2021,,0,,blanc
Probatoire Blanc,TI,Chimie,2020,,0,,blanc
Probatoire Blanc,TI,Chimie,2019,,0,,blanc
Probatoire Blanc,TI,Chimie,2018,,0,,blanc
Probatoire Blanc,TI,Chimie,2017,,0,,blanc
Probatoire Blanc,TI,Chimie,2016,,0,,blanc
Probatoire Blanc,TI,Chimie,2015,,0,,blanc
Probatoire Blanc,TI,Chimie,2014,,0,,blanc
Probatoire Blanc,TI,Chimie,2013,,0,,blanc
Probatoire Blanc,TI,Chimie,2012,,0,,blanc
Probatoire Blanc,TI,Chimie,2011,,0,,blanc
Probatoire Blanc,TI,Chimie,2010,,0,,blanc
Probatoire Blanc,TI,Français,2024,,0,,blanc
Probatoire Blanc,TI,Français,2023,,0,,blanc
Probatoire Blanc,TI,Français,2022,,0,,blanc
Probatoire Blanc,TI,Français,2021,,0,,blanc
Probatoire Blanc,TI,Français,2020,,0,,blanc
Probatoire Blanc,TI,Français,2019,,0,,blanc
Probatoire Blanc,TI,Français,2018,,0,,blanc
Probatoire Blanc,TI,Français,2017,,0,,blanc
Probatoire Blanc,TI,Français,2016,,0,,blanc
Probatoire Blanc,TI,Français,2015,,0,,blanc
Probatoire Blanc,TI,Français,2014,,0,,blanc
Probatoire Blanc,TI,Français,2013,,0,,blanc
Probatoire Blanc,TI,Français,2012,,0,,blanc
Probatoire Blanc,TI,Français,2011,,0,,blanc
Probatoire Blanc,TI,Français,2010,,0,,blanc
Probatoire Blanc,TI,Informatique,2024,,0,,blanc
Probatoire Blanc,TI,Informatique,2023,,0,,blanc
Probatoire Blanc,TI,Informatique,2022,,0,,blanc
Probatoire Blanc,TI,Informatique,2021,,0,,blanc
Probatoire Blanc,TI,Informatique,2020,,0,,blanc
Probatoire Blanc,TI,Informatique,2019,,0,,blanc
Probatoire Blanc,TI,Informatique,2018,,0,,blanc
Probatoire Blanc,TI,Informatique,2017,,0,,blanc
Probatoire Blanc,TI,Informatique,2016,,0,,blanc
Probatoire Blanc,TI,Informatique,2015,,0,,blanc
Probatoire Blanc,TI,Informatique,2014,,0,,blanc
Probatoire Blanc,TI,Informatique,2013,,0,,blanc
Probatoire Blanc,TI,Informatique,2012,,0,,blanc
Probatoire Blanc,TI,Informatique,2011,,0,,blanc
Probatoire Blanc,TI,Informatique,2010,,0,,blanc
Probatoire Blanc,TI,Mathematiques,2024,,0,,blanc
Probatoire Blanc,TI,Mathematiques,2023,,0,,blanc
Probatoire Blanc,TI,Mathematiques,2022,,0,,blanc
Probatoire Blanc,TI,Mathematiques,2021,,0,,blanc
Probatoire Blanc,TI,Mathematiques,2020,,0,,blanc
Probatoire Blanc,TI,Mathematiques,2019,,0,,blanc
Probatoire Blanc,TI,Mathematiques,2018,,0,,blanc
Probatoire Blanc,TI,Mathematiques,2017,,0,,blanc
Probatoire Blanc,TI,Mathematiques,2016,,0,,blanc
Probatoire Blanc,TI,Mathematiques,2015,,0,,blanc
Probatoire Blanc,TI,Mathematiques,2014,,0,,blanc
Probatoire Blanc,TI,Mathematiques,2013,,0,,blanc
Probatoire Blanc,TI,Mathematiques,2012,,0,,blanc
Probatoire Blanc,TI,Mathematiques,2011,,0,,blanc
Probatoire Blanc,TI,Mathematiques,2010,,0,,blanc
Probatoire Blanc,TI,Physique,2024,,0,,blanc
Probatoire Blanc,TI,Physique,2023,,0,,blanc
Probatoire Blanc,TI,Physique,2022,,0,,blanc
Probatoire Blanc,TI,Physique,2021,,0,,blanc
Probatoire Blanc,TI,Physique,2020,,0,,blanc
Probatoire Blanc,TI,Physique,2019,,0,,blanc
Probatoire Blanc,TI,Physique,2018,,0,,blanc
Probatoire Blanc,TI,Physique,2017,,0,,blanc
Probatoire Blanc,TI,Physique,2016,,0,,blanc
Probatoire Blanc,TI,Physique,2015,,0,,blanc
Probatoire Blanc,TI,Physique,2014,,0,,blanc
Probatoire Blanc,TI,Physique,2013,,0,,blanc
Probatoire Blanc,TI,Physique,2012,,0,,blanc
Probatoire Blanc,TI,Physique,2011,,0,,blanc
Probatoire Blanc,TI,Physique,2010,,0,,blanc
