niveau;serie;matiere;annee;lien_drive;corrige_dispo;;source
Probatoire Blanc;D;Anglais;2024;;0;;blanc
Probatoire Blanc;D;Anglais;2023;;0;;blanc
Probatoire Blanc;D;Anglais;2022;;0;;blanc
Probatoire Blanc;D;Anglais;2021;;0;;blanc
Probatoire Blanc;D;Anglais;2020;;0;;blanc
Probatoire Blanc;D;Anglais;2019;;0;;blanc
Probatoire Blanc;D;Anglais;2018;;0;;blanc
Probatoire Blanc;D;Anglais;2017;;0;;blanc
Probatoire Blanc;D;Anglais;2016;;0;;blanc
Probatoire Blanc;D;Anglais;2015;;0;;blanc
Probatoire Blanc;D;Anglais;2014;;0;;blanc
Probatoire Blanc;D;Anglais;2013;;0;;blanc
Probatoire Blanc;D;Anglais;2012;;0;;blanc
Probatoire Blanc;D;Anglais;2011;;0;;blanc
Probatoire Blanc;D;Anglais;2010;;0;;blanc
Probatoire Blanc;D;Chimie;2024;;0;;blanc
Probatoire Blanc;D;Chimie;2023;;0;;blanc
Probatoire Blanc;D;Chimie;2022;;0;;blanc
Probatoire Blanc;D;Chimie;2021;;0;;blanc
Probatoire Blanc;D;Chimie;2020;;0;;blanc
Probatoire Blanc;D;Chimie;2019;;0;;blanc
Probatoire Blanc;D;Chimie;2018;;0;;blanc
Probatoire Blanc;D;Chimie;2017;;0;;blanc
Probatoire Blanc;D;Chimie;2016;;0;;blanc
Probatoire Blanc;D;Chimie;2015;;0;;blanc
Probatoire Blanc;D;Chimie;2014;;0;;blanc
Probatoire Blanc;D;Chimie;2013;;0;;blanc
Probatoire Blanc;D;Chimie;2012;;0;;blanc
Probatoire Blanc;D;Chimie;2011;;0;;blanc
Probatoire Blanc;D;Chimie;2010;;0;;blanc
Probatoire Blanc;D;Français;2024;;0;;blanc
Probatoire Blanc;D;Français;2023;;0;;blanc
Probatoire Blanc;D;Français;2022;;0;;blanc
Probatoire Blanc;D;Français;2021;;0;;blanc
Probatoire Blanc;D;Français;2020;;0;;blanc
Probatoire Blanc;D;Français;2019;;0;;blanc
Probatoire Blanc;D;Français;2018;;0;;blanc
Probatoire Blanc;D;Français;2017;;0;;blanc
Probatoire Blanc;D;Français;2016;;0;;blanc
Probatoire Blanc;D;Français;2015;;0;;blanc
Probatoire Blanc;D;Français;2014;;0;;blanc
Probatoire Blanc;D;Français;2013;;0;;blanc
Probatoire Blanc;D;Français;2012;;0;;blanc
Probatoire Blanc;D;Français;2011;;0;;blanc
Probatoire Blanc;D;Français;2010;;0;;blanc
Probatoire Blanc;D;Mathematiques;2024;https://drive.google.com/file/d/1YcE31OJYSQMtNRT6cT66N88IJvAmq-q6/view?usp=drive_link;0;;blanc
Probatoire Blanc;D;Mathematiques;2023;https://drive.google.com/file/d/1tk2v11d4V9RPC9viqUBOKGICxhjT-2GN/view?usp=drive_link;0;;blanc
Probatoire Blanc;D;Mathematiques;2022;https://drive.google.com/file/d/1Kld5ojlf_CXlku-1hdgMb1upXZGZE9on/view?usp=drive_link;0;;blanc
Probatoire Blanc;D;Mathematiques;2021;https://drive.google.com/file/d/1xSwzlfaGbixAA2ulgfnWWhW4Iq4sJgf2/view?usp=drive_link;0;;blanc
Probatoire Blanc;D;Mathematiques;2020;https://drive.google.com/file/d/1ccOUuvnY_mXS8hDfWYY1XQOii4Rmnx-X/view?usp=drive_link;0;;blanc
Probatoire Blanc;D;Mathematiques;2019;https://drive.google.com/file/d/1u6bl1PfVCkYcZvKlai-CgQ4FeELxi2J-/view?usp=sharing;0;;blanc
Probatoire Blanc;D;Mathematiques;2018;https://drive.google.com/file/d/1vmAw-DtE1fU-CjFXFQMVLhbJLcH-69Oe/view?usp=drive_link;0;;blanc
Probatoire Blanc;D;Mathematiques;2017;https://drive.google.com/file/d/13--MaTaNXQiI_omazkmWjbQC8yzrhGUo/view?usp=drive_link;0;;blanc
Probatoire Blanc;D;Mathematiques;2016;https://drive.google.com/file/d/16Xi9ITIOqzxGEFQ7GQTAMOOSL9Uy8Dye/view?usp=drive_link;0;;blanc
Probatoire Blanc;D;Mathematiques;2015;;0;;blanc
Probatoire Blanc;D;Mathematiques;2014;https://drive.google.com/file/d/1mfVP4meRR9g4tk_vGkaKFeLh4urRjJt6/view?usp=drive_link;0;;blanc
Probatoire Blanc;D;Mathematiques;2013;https://drive.google.com/file/d/1lDneXJbLalodNXniFFs9gsTuuI_ElJKn/view?usp=drive_link;0;;blanc
Probatoire Blanc;D;Mathematiques;2012;https://drive.google.com/file/d/1VCGYFVCm7x1Iq47vYl7ilwMeO9Vy9QMl/view?usp=drive_link;0;;blanc
Probatoire Blanc;D;Mathematiques;2011;https://drive.google.com/file/d/1nR0gVz34p5n6UGaVoERY1iGX4CbQKsTN/view?usp=drive_link;0;;blanc
Probatoire Blanc;D;Mathematiques;2010;https://drive.google.com/file/d/1xmX7zrC0hTKbvugueAhl1RXyVMk9Z2_v/view?usp=drive_link;0;;blanc
Probatoire Blanc;D;Philosophie;2024;;0;;blanc
Probatoire Blanc;D;Philosophie;2023;;0;;blanc
Probatoire Blanc;D;Philosophie;2022;;0;;blanc
Probatoire Blanc;D;Philosophie;2021;;0;;blanc
Probatoire Blanc;D;Philosophie;2020;;0;;blanc
Probatoire Blanc;D;Philosophie;2019;;0;;blanc
Probatoire Blanc;D;Philosophie;2018;;0;;blanc
Probatoire Blanc;D;Philosophie;2017;;0;;blanc
Probatoire Blanc;D;Philosophie;2016;;0;;blanc
Probatoire Blanc;D;Philosophie;2015;;0;;blanc
Probatoire Blanc;D;Philosophie;2014;;0;;blanc
Probatoire Blanc;D;Philosophie;2013;;0;;blanc
Probatoire Blanc;D;Philosophie;2012;;0;;blanc
Probatoire Blanc;D;Philosophie;2011;;0;;blanc
Probatoire Blanc;D;Philosophie;2010;;0;;blanc
Probatoire Blanc;D;Physique;2024;;0;;blanc
Probatoire Blanc;D;Physique;2023;;0;;blanc
Probatoire Blanc;D;Physique;2022;;0;;blanc
Probatoire Blanc;D;Physique;2021;;0;;blanc
Probatoire Blanc;D;Physique;2020;;0;;blanc
Probatoire Blanc;D;Physique;2019;;0;;blanc
Probatoire Blanc;D;Physique;2018;;0;;blanc
Probatoire Blanc;D;Physique;2017;;0;;blanc
Probatoire Blanc;D;Physique;2016;;0;;blanc
Probatoire Blanc;D;Physique;2015;;0;;blanc
Probatoire Blanc;D;Physique;2014;;0;;blanc
Probatoire Blanc;D;Physique;2013;;0;;blanc
Probatoire Blanc;D;Physique;2012;;0;;blanc
Probatoire Blanc;D;Physique;2011;;0;;blanc
Probatoire Blanc;D;Physique;2010;;0;;blanc
Probatoire Blanc;D;SVT;2024;;0;;blanc
Probatoire Blanc;D;SVT;2023;;0;;blanc
Probatoire Blanc;D;SVT;2022;;0;;blanc
Probatoire Blanc;D;SVT;2021;;0;;blanc
Probatoire Blanc;D;SVT;2020;;0;;blanc
Probatoire Blanc;D;SVT;2019;;0;;blanc
Probatoire Blanc;D;SVT;2018;;0;;blanc
Probatoire Blanc;D;SVT;2017;;0;;blanc
Probatoire Blanc;D;SVT;2016;;0;;blanc
Probatoire Blanc;D;SVT;2015;;0;;blanc
Probatoire Blanc;D;SVT;2014;;0;;blanc
Probatoire Blanc;D;SVT;2013;;0;;blanc
Probatoire Blanc;D;SVT;2012;;0;;blanc
Probatoire Blanc;D;SVT;2011;;0;;blanc
Probatoire Blanc;D;SVT;2010;;0;;blanc
