niveau;serie;matiere;annee;lien_drive;corrige_dispo;source;type
Probatoire;D;Anglais;2024;;0;;officiel
Probatoire;D;Anglais;2023;;0;;officiel
Probatoire;D;Anglais;2022;;0;;officiel
Probatoire;D;Anglais;2021;;0;;officiel
Probatoire;D;Anglais;2020;;0;;officiel
Probatoire;D;Anglais;2019;;0;;officiel
Probatoire;D;Anglais;2018;;0;;officiel
Probatoire;D;Anglais;2017;;0;;officiel
Probatoire;D;Anglais;2016;;0;;officiel
Probatoire;D;Anglais;2015;;0;;officiel
Probatoire;D;Anglais;2014;;0;;officiel
Probatoire;D;Anglais;2013;;0;;officiel
Probatoire;D;Anglais;2012;;0;;officiel
Probatoire;D;Anglais;2011;;0;;officiel
Probatoire;D;Anglais;2010;;0;;officiel
Probatoire;D;Anglais;2009;;0;;officiel
Probatoire;D;Anglais;2008;;0;;officiel
Probatoire;D;Anglais;2007;;0;;officiel
Probatoire;D;Anglais;2006;;0;;officiel
Probatoire;D;Anglais;2005;;0;;officiel
Probatoire;D;Anglais;2004;;0;;officiel
Probatoire;D;Anglais;2003;;0;;officiel
Probatoire;D;Anglais;2002;;0;;officiel
Probatoire;D;Anglais;2001;;0;;officiel
Probatoire;D;Anglais;2000;;0;;officiel
Probatoire;D;Anglais;1999;;0;;officiel
Probatoire;D;Anglais;1998;;0;;officiel
Probatoire;D;Anglais;1997;;0;;officiel
Probatoire;D;Anglais;1996;;0;;officiel
Probatoire;D;Anglais;1995;;0;;officiel
Probatoire;D;Anglais;1994;;0;;officiel
Probatoire;D;Anglais;1993;;0;;officiel
Probatoire;D;Anglais;1992;;0;;officiel
Probatoire;D;Anglais;1991;;0;;officiel
Probatoire;D;Anglais;1990;;0;;officiel
Probatoire;D;Chimie;2024;;0;;officiel
Probatoire;D;Chimie;2023;;0;;officiel
Probatoire;D;Chimie;2022;;0;;officiel
Probatoire;D;Chimie;2021;;0;;officiel
Probatoire;D;Chimie;2020;;0;;officiel
Probatoire;D;Chimie;2019;;0;;officiel
Probatoire;D;Chimie;2018;;0;;officiel
Probatoire;D;Chimie;2017;;0;;officiel
Probatoire;D;Chimie;2016;;0;;officiel
Probatoire;D;Chimie;2015;;0;;officiel
Probatoire;D;Chimie;2014;;0;;officiel
Probatoire;D;Chimie;2013;;0;;officiel
Probatoire;D;Chimie;2012;;0;;officiel
Probatoire;D;Chimie;2011;;0;;officiel
Probatoire;D;Chimie;2010;;0;;officiel
Probatoire;D;Chimie;2009;;0;;officiel
Probatoire;D;Chimie;2008;;0;;officiel
Probatoire;D;Chimie;2007;;0;;officiel
Probatoire;D;Chimie;2006;;0;;officiel
Probatoire;D;Chimie;2005;;0;;officiel
Probatoire;D;Chimie;2004;;0;;officiel
Probatoire;D;Chimie;2003;;0;;officiel
Probatoire;D;Chimie;2002;;0;;officiel
Probatoire;D;Chimie;2001;;0;;officiel
Probatoire;D;Chimie;2000;;0;;officiel
Probatoire;D;Chimie;1999;;0;;officiel
Probatoire;D;Chimie;1998;;0;;officiel
Probatoire;D;Chimie;1997;;0;;officiel
Probatoire;D;Chimie;1996;;0;;officiel
Probatoire;D;Chimie;1995;;0;;officiel
Probatoire;D;Chimie;1994;;0;;officiel
Probatoire;D;Chimie;1993;;0;;officiel
Probatoire;D;Chimie;1992;;0;;officiel
Probatoire;D;Chimie;1991;;0;;officiel
Probatoire;D;Chimie;1990;;0;;officiel
Probatoire;D;Français;2024;;0;;officiel
Probatoire;D;Français;2023;;0;;officiel
Probatoire;D;Français;2022;;0;;officiel
Probatoire;D;Français;2021;;0;;officiel
Probatoire;D;Français;2020;;0;;officiel
Probatoire;D;Français;2019;;0;;officiel
Probatoire;D;Français;2018;;0;;officiel
Probatoire;D;Français;2017;;0;;officiel
Probatoire;D;Français;2016;;0;;officiel
Probatoire;D;Français;2015;;0;;officiel
Probatoire;D;Français;2014;;0;;officiel
Probatoire;D;Français;2013;;0;;officiel
Probatoire;D;Français;2012;;0;;officiel
Probatoire;D;Français;2011;;0;;officiel
Probatoire;D;Français;2010;;0;;officiel
Probatoire;D;Français;2009;;0;;officiel
Probatoire;D;Français;2008;;0;;officiel
Probatoire;D;Français;2007;;0;;officiel
Probatoire;D;Français;2006;;0;;officiel
Probatoire;D;Français;2005;;0;;officiel
Probatoire;D;Français;2004;;0;;officiel
Probatoire;D;Français;2003;;0;;officiel
Probatoire;D;Français;2002;;0;;officiel
Probatoire;D;Français;2001;;0;;officiel
Probatoire;D;Français;2000;;0;;officiel
Probatoire;D;Français;1999;;0;;officiel
Probatoire;D;Français;1998;;0;;officiel
Probatoire;D;Français;1997;;0;;officiel
Probatoire;D;Français;1996;;0;;officiel
Probatoire;D;Français;1995;;0;;officiel
Probatoire;D;Français;1994;;0;;officiel
Probatoire;D;Français;1993;;0;;officiel
Probatoire;D;Français;1992;;0;;officiel
Probatoire;D;Français;1991;;0;;officiel
Probatoire;D;Mathematiques;2025;https://drive.google.com/file/d/1Savm1ddu83r5Zls-UpPs4OwlxOPjQx0i/view?usp=drive_link;0;;officiel
Probatoire;D;Mathematiques;2024;https://drive.google.com/file/d/1YcE31OJYSQMtNRT6cT66N88IJvAmq-q6/view?usp=drive_link;0;;officiel
Probatoire;D;Mathematiques;2023;https://drive.google.com/file/d/1tk2v11d4V9RPC9viqUBOKGICxhjT-2GN/view?usp=drive_link;0;;officiel
Probatoire;D;Mathematiques;2022;https://drive.google.com/file/d/1Kld5ojlf_CXlku-1hdgMb1upXZGZE9on/view?usp=drive_link;0;;officiel
Probatoire;D;Mathematiques;2021;https://drive.google.com/file/d/1xSwzlfaGbixAA2ulgfnWWhW4Iq4sJgf2/view?usp=drive_link;0;;officiel
Probatoire;D;Mathematiques;2020;https://drive.google.com/file/d/1ccOUuvnY_mXS8hDfWYY1XQOii4Rmnx-X/view?usp=drive_link;0;;officiel
Probatoire;D;Mathematiques;2019;https://drive.google.com/file/d/1u6bl1PfVCkYcZvKlai-CgQ4FeELxi2J-/view?usp=drive_link;0;;officiel
Probatoire;D;Mathematiques;2018;https://drive.google.com/file/d/1vmAw-DtE1fU-CjFXFQMVLhbJLcH-69Oe/view?usp=drive_link;0;;officiel
Probatoire;D;Mathematiques;2017;https://drive.google.com/file/d/1vmAw-DtE1fU-CjFXFQMVLhbJLcH-69Oe/view?usp=drive_link;0;;officiel
Probatoire;D;Mathematiques;2016;https://drive.google.com/file/d/16Xi9ITIOqzxGEFQ7GQTAMOOSL9Uy8Dye/view?usp=drive_link;0;;officiel
Probatoire;D;Mathematiques;2015;;0;;officiel
Probatoire;D;Mathematiques;2014;https://drive.google.com/file/d/1mfVP4meRR9g4tk_vGkaKFeLh4urRjJt6/view?usp=drive_link;0;;officiel
Probatoire;D;Mathematiques;2013;https://drive.google.com/file/d/1lDneXJbLalodNXniFFs9gsTuuI_ElJKn/view?usp=drive_link;0;;officiel
Probatoire;D;Mathematiques;2012;https://drive.google.com/file/d/1VCGYFVCm7x1Iq47vYl7ilwMeO9Vy9QMl/view?usp=drive_link;0;;officiel
Probatoire;D;Mathematiques;2011;https://drive.google.com/file/d/1nR0gVz34p5n6UGaVoERY1iGX4CbQKsTN/view?usp=drive_link;0;;officiel
Probatoire;D;Mathematiques;2010;https://drive.google.com/file/d/1xmX7zrC0hTKbvugueAhl1RXyVMk9Z2_v/view?usp=drive_link;0;;officiel
Probatoire;D;Mathematiques;2009;https://drive.google.com/file/d/1ZXVwS77_qtVTcfmYOZYXa2x7i7Eh0-fQ/view?usp=drive_link;0;;officiel
Probatoire;D;Mathematiques;2008;https://drive.google.com/file/d/1VCOZobSPeJeL6xZB7EvH1GB1YENYhM2R/view?usp=drive_link;0;;officiel
Probatoire;D;Mathematiques;2007;https://drive.google.com/file/d/1yL4DEtYwBKE03Vu6CzlAwBzLOUNjIQU8/view?usp=drive_link;0;;officiel
Probatoire;D;Mathematiques;2006;https://drive.google.com/file/d/1gVytTZH98Nueb-1Y8IxXkLWlO_HEnvxs/view?usp=drive_link;0;;officiel
Probatoire;D;Mathematiques;2005;https://drive.google.com/file/d/19wbzgJ8NSNV5OTDSDeo5zl1f_qlTKgob/view?usp=drive_link;0;;officiel
Probatoire;D;Mathematiques;2004;https://drive.google.com/file/d/1Sdn7S1oV4N2hku-fWrGZCR4FnCQOtrc-/view?usp=drive_link;0;;officiel
Probatoire;D;Mathematiques;2003;https://drive.google.com/file/d/1GvYFENsoPc0C0dNn-l6ZFhVT9_7xFsU1/view?usp=drive_link;0;;officiel
Probatoire;D;Mathematiques;2002;https://drive.google.com/file/d/1uJ_4nwmARogONLjFGen-Y2wv8RmZZ_7G/view?usp=sharing;0;;officiel
Probatoire;D;Mathematiques;2001;https://drive.google.com/file/d/1ZYGeOH-8InwQEBxduzljdrhNHkShcimu/view?usp=drive_link;0;;officiel
Probatoire;D;Mathematiques;2000;https://drive.google.com/file/d/1Y85J7TFInfVBPG1xe_eFbYjNhQbk_PSa/view?usp=drive_link;0;;officiel
Probatoire;D;Mathematiques;1999;https://drive.google.com/file/d/1zt9i1fKtkZ-B2Q_6YfE6q-wfPSM27Xk8/view?usp=drive_link;0;;officiel
Probatoire;D;Mathematiques;1998;;0;;officiel
Probatoire;D;Mathematiques;1997;;0;;officiel
Probatoire;D;Mathematiques;1996;;0;;officiel
Probatoire;D;Mathematiques;1995;;0;;officiel
Probatoire;D;Mathematiques;1994;;0;;officiel
Probatoire;D;Mathematiques;1993;;0;;officiel
Probatoire;D;Mathematiques;1992;;0;;officiel
Probatoire;D;Mathematiques;1991;;0;;officiel
Probatoire;D;Mathematiques;1990;;0;;officiel
Probatoire;D;Philosophie;2024;;0;;officiel
Probatoire;D;Philosophie;2023;;0;;officiel
Probatoire;D;Philosophie;2022;;0;;officiel
Probatoire;D;Philosophie;2021;;0;;officiel
Probatoire;D;Philosophie;2020;;0;;officiel
Probatoire;D;Philosophie;2019;;0;;officiel
Probatoire;D;Philosophie;2018;;0;;officiel
Probatoire;D;Philosophie;2017;;0;;officiel
Probatoire;D;Philosophie;2016;;0;;officiel
Probatoire;D;Philosophie;2015;;0;;officiel
Probatoire;D;Philosophie;2014;;0;;officiel
Probatoire;D;Philosophie;2013;;0;;officiel
Probatoire;D;Philosophie;2012;;0;;officiel
Probatoire;D;Philosophie;2011;;0;;officiel
Probatoire;D;Philosophie;2010;;0;;officiel
Probatoire;D;Philosophie;2009;;0;;officiel
Probatoire;D;Philosophie;2008;;0;;officiel
Probatoire;D;Philosophie;2007;;0;;officiel
Probatoire;D;Philosophie;2006;;0;;officiel
Probatoire;D;Philosophie;2005;;0;;officiel
Probatoire;D;Philosophie;2004;;0;;officiel
Probatoire;D;Philosophie;2003;;0;;officiel
Probatoire;D;Philosophie;2002;;0;;officiel
Probatoire;D;Philosophie;2001;;0;;officiel
Probatoire;D;Philosophie;2000;;0;;officiel
Probatoire;D;Philosophie;1999;;0;;officiel
Probatoire;D;Philosophie;1998;;0;;officiel
Probatoire;D;Philosophie;1997;;0;;officiel
Probatoire;D;Philosophie;1996;;0;;officiel
Probatoire;D;Philosophie;1995;;0;;officiel
Probatoire;D;Philosophie;1994;;0;;officiel
Probatoire;D;Philosophie;1993;;0;;officiel
Probatoire;D;Philosophie;1992;;0;;officiel
Probatoire;D;Philosophie;1991;;0;;officiel
Probatoire;D;Philosophie;1990;;0;;officiel
Probatoire;D;Physique;2024;;0;;officiel
Probatoire;D;Physique;2023;;0;;officiel
Probatoire;D;Physique;2022;;0;;officiel
Probatoire;D;Physique;2021;;0;;officiel
Probatoire;D;Physique;2020;;0;;officiel
Probatoire;D;Physique;2019;;0;;officiel
Probatoire;D;Physique;2018;;0;;officiel
Probatoire;D;Physique;2017;;0;;officiel
Probatoire;D;Physique;2016;;0;;officiel
Probatoire;D;Physique;2015;;0;;officiel
Probatoire;D;Physique;2014;;0;;officiel
Probatoire;D;Physique;2013;;0;;officiel
Probatoire;D;Physique;2012;;0;;officiel
Probatoire;D;Physique;2011;;0;;officiel
Probatoire;D;Physique;2010;;0;;officiel
Probatoire;D;Physique;2009;;0;;officiel
Probatoire;D;Physique;2008;;0;;officiel
Probatoire;D;Physique;2007;;0;;officiel
Probatoire;D;Physique;2006;;0;;officiel
Probatoire;D;Physique;2005;;0;;officiel
Probatoire;D;Physique;2004;;0;;officiel
Probatoire;D;Physique;2003;;0;;officiel
Probatoire;D;Physique;2002;;0;;officiel
Probatoire;D;Physique;2001;;0;;officiel
Probatoire;D;Physique;2000;;0;;officiel
Probatoire;D;Physique;1999;;0;;officiel
Probatoire;D;Physique;1998;;0;;officiel
Probatoire;D;Physique;1997;;0;;officiel
Probatoire;D;Physique;1996;;0;;officiel
Probatoire;D;Physique;1995;;0;;officiel
Probatoire;D;Physique;1994;;0;;officiel
Probatoire;D;Physique;1993;;0;;officiel
Probatoire;D;Physique;1992;;0;;officiel
Probatoire;D;Physique;1991;;0;;officiel
Probatoire;D;Physique;1990;;0;;officiel
Probatoire;D;SVT;2024;;0;;officiel
Probatoire;D;SVT;2023;;0;;officiel
Probatoire;D;SVT;2022;;0;;officiel
Probatoire;D;SVT;2021;;0;;officiel
Probatoire;D;SVT;2020;;0;;officiel
Probatoire;D;SVT;2019;;0;;officiel
Probatoire;D;SVT;2018;;0;;officiel
Probatoire;D;SVT;2017;;0;;officiel
Probatoire;D;SVT;2016;;0;;officiel
Probatoire;D;SVT;2015;;0;;officiel
Probatoire;D;SVT;2014;;0;;officiel
Probatoire;D;SVT;2013;;0;;officiel
Probatoire;D;SVT;2012;;0;;officiel
Probatoire;D;SVT;2011;;0;;officiel
Probatoire;D;SVT;2010;;0;;officiel
Probatoire;D;SVT;2009;;0;;officiel
Probatoire;D;SVT;2008;;0;;officiel
Probatoire;D;SVT;2007;;0;;officiel
Probatoire;D;SVT;2006;;0;;officiel
Probatoire;D;SVT;2005;;0;;officiel
Probatoire;D;SVT;2004;;0;;officiel
Probatoire;D;SVT;2003;;0;;officiel
Probatoire;D;SVT;2002;;0;;officiel
Probatoire;D;SVT;2001;;0;;officiel
Probatoire;D;SVT;2000;;0;;officiel
Probatoire;D;SVT;1999;;0;;officiel
Probatoire;D;SVT;1998;;0;;officiel
Probatoire;D;SVT;1997;;0;;officiel
Probatoire;D;SVT;1996;;0;;officiel
Probatoire;D;SVT;1995;;0;;officiel
Probatoire;D;SVT;1994;;0;;officiel
Probatoire;D;SVT;1993;;0;;officiel
Probatoire;D;SVT;1992;;0;;officiel
Probatoire;D;SVT;1991;;0;;officiel
Probatoire;D;SVT;1990;;0;;officiel
