niveau,serie,matiere,annee,lien_drive,corrige_dispo,source
BAC,A4,Anglais,2024,,0,sujetexa
BAC,A4,Anglais,2023,,0,sujetexa
BAC,A4,Anglais,2022,,0,sujetexa
BAC,A4,Anglais,2021,,0,sujetexa
BAC,A4,Anglais,2020,,0,sujetexa
BAC,A4,Anglais,2019,,0,sujetexa
BAC,A4,Anglais,2018,,0,sujetexa
BAC,A4,Anglais,2017,,0,sujetexa
BAC,A4,Anglais,2016,,0,sujetexa
BAC,A4,Anglais,2015,,0,sujetexa
BAC,A4,Anglais,2014,,0,sujetexa
BAC,A4,Anglais,2013,,0,sujetexa
BAC,A4,Anglais,2012,,0,sujetexa
BAC,A4,Anglais,2011,,0,sujetexa
BAC,A4,Anglais,2010,,0,sujetexa
BAC,A4,Français,2024,,0,sujetexa
BAC,A4,Français,2023,,0,sujetexa
BAC,A4,Français,2022,,0,sujetexa
BAC,A4,Français,2021,,0,sujetexa
BAC,A4,Français,2020,,0,sujetexa
BAC,A4,Français,2019,,0,sujetexa
BAC,A4,Français,2018,,0,sujetexa
BAC,A4,Français,2017,,0,sujetexa
BAC,A4,Français,2016,,0,sujetexa
BAC,A4,Français,2015,,0,sujetexa
BAC,A4,Français,2014,,0,sujetexa
BAC,A4,Français,2013,,0,sujetexa
BAC,A4,Français,2012,,0,sujetexa
BAC,A4,Français,2011,,0,sujetexa
BAC,A4,Français,2010,,0,sujetexa
BAC,A4,Histoire-Géo,2024,,0,sujetexa
BAC,A4,Histoire-Géo,2023,,0,sujetexa
BAC,A4,Histoire-Géo,2022,,0,sujetexa
BAC,A4,Histoire-Géo,2021,,0,sujetexa
BAC,A4,Histoire-Géo,2020,,0,sujetexa
BAC,A4,Histoire-Géo,2019,,0,sujetexa
BAC,A4,Histoire-Géo,2018,,0,sujetexa
BAC,A4,Histoire-Géo,2017,,0,sujetexa
BAC,A4,Histoire-Géo,2016,,0,sujetexa
BAC,A4,Histoire-Géo,2015,,0,sujetexa
BAC,A4,Histoire-Géo,2014,,0,sujetexa
BAC,A4,Histoire-Géo,2013,,0,sujetexa
BAC,A4,Histoire-Géo,2012,,0,sujetexa
BAC,A4,Histoire-Géo,2011,,0,sujetexa
BAC,A4,Histoire-Géo,2010,,0,sujetexa
BAC,A4,Philosophie,2024,,0,sujetexa
BAC,A4,Philosophie,2023,,0,sujetexa
BAC,A4,Philosophie,2022,,0,sujetexa
BAC,A4,Philosophie,2021,,0,sujetexa
BAC,A4,Philosophie,2020,,0,sujetexa
BAC,A4,Philosophie,2019,,0,sujetexa
BAC,A4,Philosophie,2018,,0,sujetexa
BAC,A4,Philosophie,2017,,0,sujetexa
BAC,A4,Philosophie,2016,,0,sujetexa
BAC,A4,Philosophie,2015,,0,sujetexa
BAC,A4,Philosophie,2014,,0,sujetexa
BAC,A4,Philosophie,2013,,0,sujetexa
BAC,A4,Philosophie,2012,,0,sujetexa
BAC,A4,Philosophie,2011,,0,sujetexa
BAC,A4,Philosophie,2010,,0,sujetexa
BAC,C,Anglais,2024,,0,sujetexa
BAC,C,Anglais,2023,,0,sujetexa
BAC,C,Anglais,2022,,0,sujetexa
BAC,C,Anglais,2021,,0,sujetexa
BAC,C,Anglais,2020,,0,sujetexa
BAC,C,Anglais,2019,,0,sujetexa
BAC,C,Anglais,2018,,0,sujetexa
BAC,C,Anglais,2017,,0,sujetexa
BAC,C,Anglais,2016,,0,sujetexa
BAC,C,Anglais,2015,,0,sujetexa
BAC,C,Anglais,2014,,0,sujetexa
BAC,C,Anglais,2013,,0,sujetexa
BAC,C,Anglais,2012,,0,sujetexa
BAC,C,Anglais,2011,,0,sujetexa
BAC,C,Anglais,2010,,0,sujetexa
BAC,C,Français,2024,,0,sujetexa
BAC,C,Français,2023,,0,sujetexa
BAC,C,Français,2022,,0,sujetexa
BAC,C,Français,2021,,0,sujetexa
BAC,C,Français,2020,,0,sujetexa
BAC,C,Français,2019,,0,sujetexa
BAC,C,Français,2018,,0,sujetexa
BAC,C,Français,2017,,0,sujetexa
BAC,C,Français,2016,,0,sujetexa
BAC,C,Français,2015,,0,sujetexa
BAC,C,Français,2014,,0,sujetexa
BAC,C,Français,2013,,0,sujetexa
BAC,C,Français,2012,,0,sujetexa
BAC,C,Français,2011,,0,sujetexa
BAC,C,Français,2010,,0,sujetexa
BAC,C,Mathematiques,2024,,0,sujetexa
BAC,C,Mathematiques,2023,,0,sujetexa
BAC,C,Mathematiques,2022,,0,sujetexa
BAC,C,Mathematiques,2021,,0,sujetexa
BAC,C,Mathematiques,2020,,0,sujetexa
BAC,C,Mathematiques,2019,,0,sujetexa
BAC,C,Mathematiques,2018,,0,sujetexa
BAC,C,Mathematiques,2017,,0,sujetexa
BAC,C,Mathematiques,2016,,0,sujetexa
BAC,C,Mathematiques,2015,,0,sujetexa
BAC,C,Mathematiques,2014,,0,sujetexa
BAC,C,Mathematiques,2013,,0,sujetexa
BAC,C,Mathematiques,2012,,0,sujetexa
BAC,C,Mathematiques,2011,,0,sujetexa
BAC,C,Mathematiques,2010,,0,sujetexa
BAC,C,PCT,2024,,0,sujetexa
BAC,C,PCT,2023,,0,sujetexa
BAC,C,PCT,2022,,0,sujetexa
BAC,C,PCT,2021,,0,sujetexa
BAC,C,PCT,2020,,0,sujetexa
BAC,C,PCT,2019,,0,sujetexa
BAC,C,PCT,2018,,0,sujetexa
BAC,C,PCT,2017,,0,sujetexa
BAC,C,PCT,2016,,0,sujetexa
BAC,C,PCT,2015,,0,sujetexa
BAC,C,PCT,2014,,0,sujetexa
BAC,C,PCT,2013,,0,sujetexa
BAC,C,PCT,2012,,0,sujetexa
BAC,C,PCT,2011,,0,sujetexa
BAC,C,PCT,2010,,0,sujetexa
BAC,C,Philosophie,2024,,0,sujetexa
BAC,C,Philosophie,2023,,0,sujetexa
BAC,C,Philosophie,2022,,0,sujetexa
BAC,C,Philosophie,2021,,0,sujetexa
BAC,C,Philosophie,2020,,0,sujetexa
BAC,C,Philosophie,2019,,0,sujetexa
BAC,C,Philosophie,2018,,0,sujetexa
BAC,C,Philosophie,2017,,0,sujetexa
BAC,C,Philosophie,2016,,0,sujetexa
BAC,C,Philosophie,2015,,0,sujetexa
BAC,C,Philosophie,2014,,0,sujetexa
BAC,C,Philosophie,2013,,0,sujetexa
BAC,C,Philosophie,2012,,0,sujetexa
BAC,C,Philosophie,2011,,0,sujetexa
BAC,C,Philosophie,2010,,0,sujetexa
BAC,C,SVT,2024,,0,sujetexa
BAC,C,SVT,2023,,0,sujetexa
BAC,C,SVT,2022,,0,sujetexa
BAC,C,SVT,2021,,0,sujetexa
BAC,C,SVT,2020,,0,sujetexa
BAC,C,SVT,2019,,0,sujetexa
BAC,C,SVT,2018,,0,sujetexa
BAC,C,SVT,2017,,0,sujetexa
BAC,C,SVT,2016,,0,sujetexa
BAC,C,SVT,2015,,0,sujetexa
BAC,C,SVT,2014,,0,sujetexa
BAC,C,SVT,2013,,0,sujetexa
BAC,C,SVT,2012,,0,sujetexa
BAC,C,SVT,2011,,0,sujetexa
BAC,C,SVT,2010,,0,sujetexa
BAC,D,Anglais,2024,,0,sujetexa
BAC,D,Anglais,2023,,0,sujetexa
BAC,D,Anglais,2022,,0,sujetexa
BAC,D,Anglais,2021,,0,sujetexa
BAC,D,Anglais,2020,,0,sujetexa
BAC,D,Anglais,2019,,0,sujetexa
BAC,D,Anglais,2018,,0,sujetexa
BAC,D,Anglais,2017,,0,sujetexa
BAC,D,Anglais,2016,,0,sujetexa
BAC,D,Anglais,2015,,0,sujetexa
BAC,D,Anglais,2014,,0,sujetexa
BAC,D,Anglais,2013,,0,sujetexa
BAC,D,Anglais,2012,,0,sujetexa
BAC,D,Anglais,2011,,0,sujetexa
BAC,D,Anglais,2010,,0,sujetexa
BAC,D,Français,2024,,0,sujetexa
BAC,D,Français,2023,,0,sujetexa
BAC,D,Français,2022,,0,sujetexa
BAC,D,Français,2021,,0,sujetexa
BAC,D,Français,2020,,0,sujetexa
BAC,D,Français,2019,,0,sujetexa
BAC,D,Français,2018,,0,sujetexa
BAC,D,Français,2017,,0,sujetexa
BAC,D,Français,2016,,0,sujetexa
BAC,D,Français,2015,,0,sujetexa
BAC,D,Français,2014,,0,sujetexa
BAC,D,Français,2013,,0,sujetexa
BAC,D,Français,2012,,0,sujetexa
BAC,D,Français,2011,,0,sujetexa
BAC,D,Français,2010,,0,sujetexa
BAC,D,Mathematiques,2024,,0,sujetexa
BAC,D,Mathematiques,2023,,0,sujetexa
BAC,D,Mathematiques,2022,,0,sujetexa
BAC,D,Mathematiques,2021,,0,sujetexa
BAC,D,Mathematiques,2020,,0,sujetexa
BAC,D,Mathematiques,2019,,0,sujetexa
BAC,D,Mathematiques,2018,,0,sujetexa
BAC,D,Mathematiques,2017,,0,sujetexa
BAC,D,Mathematiques,2016,,0,sujetexa
BAC,D,Mathematiques,2015,,0,sujetexa
BAC,D,Mathematiques,2014,,0,sujetexa
BAC,D,Mathematiques,2013,,0,sujetexa
BAC,D,Mathematiques,2012,,0,sujetexa
BAC,D,Mathematiques,2011,,0,sujetexa
BAC,D,Mathematiques,2010,,0,sujetexa
BAC,D,PCT,2024,,0,sujetexa
BAC,D,PCT,2023,,0,sujetexa
BAC,D,PCT,2022,,0,sujetexa
BAC,D,PCT,2021,,0,sujetexa
BAC,D,PCT,2020,,0,sujetexa
BAC,D,PCT,2019,,0,sujetexa
BAC,D,PCT,2018,,0,sujetexa
BAC,D,PCT,2017,,0,sujetexa
BAC,D,PCT,2016,,0,sujetexa
BAC,D,PCT,2015,,0,sujetexa
BAC,D,PCT,2014,,0,sujetexa
BAC,D,PCT,2013,,0,sujetexa
BAC,D,PCT,2012,,0,sujetexa
BAC,D,PCT,2011,,0,sujetexa
BAC,D,PCT,2010,,0,sujetexa
BAC,D,Philosophie,2024,,0,sujetexa
BAC,D,Philosophie,2023,,0,sujetexa
BAC,D,Philosophie,2022,,0,sujetexa
BAC,D,Philosophie,2021,,0,sujetexa
BAC,D,Philosophie,2020,,0,sujetexa
BAC,D,Philosophie,2019,,0,sujetexa
BAC,D,Philosophie,2018,,0,sujetexa
BAC,D,Philosophie,2017,,0,sujetexa
BAC,D,Philosophie,2016,,0,sujetexa
BAC,D,Philosophie,2015,,0,sujetexa
BAC,D,Philosophie,2014,,0,sujetexa
BAC,D,Philosophie,2013,,0,sujetexa
BAC,D,Philosophie,2012,,0,sujetexa
BAC,D,Philosophie,2011,,0,sujetexa
BAC,D,Philosophie,2010,,0,sujetexa
BAC,D,SVT,2024,,0,sujetexa
BAC,D,SVT,2023,,0,sujetexa
BAC,D,SVT,2022,,0,sujetexa
BAC,D,SVT,2021,,0,sujetexa
BAC,D,SVT,2020,,0,sujetexa
BAC,D,SVT,2019,,0,sujetexa
BAC,D,SVT,2018,,0,sujetexa
BAC,D,SVT,2017,,0,sujetexa
BAC,D,SVT,2016,,0,sujetexa
BAC,D,SVT,2015,,0,sujetexa
BAC,D,SVT,2014,,0,sujetexa
BAC,D,SVT,2013,,0,sujetexa
BAC,D,SVT,2012,,0,sujetexa
BAC,D,SVT,2011,,0,sujetexa
BAC,D,SVT,2010,,0,sujetexa
BAC,TI,Anglais,2024,,0,sujetexa
BAC,TI,Anglais,2023,,0,sujetexa
BAC,TI,Anglais,2022,,0,sujetexa
BAC,TI,Anglais,2021,,0,sujetexa
BAC,TI,Anglais,2020,,0,sujetexa
BAC,TI,Anglais,2019,,0,sujetexa
BAC,TI,Anglais,2018,,0,sujetexa
BAC,TI,Anglais,2017,,0,sujetexa
BAC,TI,Anglais,2016,,0,sujetexa
BAC,TI,Anglais,2015,,0,sujetexa
BAC,TI,Anglais,2014,,0,sujetexa
BAC,TI,Anglais,2013,,0,sujetexa
BAC,TI,Anglais,2012,,0,sujetexa
BAC,TI,Anglais,2011,,0,sujetexa
BAC,TI,Anglais,2010,,0,sujetexa
BAC,TI,Français,2024,,0,sujetexa
BAC,TI,Français,2023,,0,sujetexa
BAC,TI,Français,2022,,0,sujetexa
BAC,TI,Français,2021,,0,sujetexa
BAC,TI,Français,2020,,0,sujetexa
BAC,TI,Français,2019,,0,sujetexa
BAC,TI,Français,2018,,0,sujetexa
BAC,TI,Français,2017,,0,sujetexa
BAC,TI,Français,2016,,0,sujetexa
BAC,TI,Français,2015,,0,sujetexa
BAC,TI,Français,2014,,0,sujetexa
BAC,TI,Français,2013,,0,sujetexa
BAC,TI,Français,2012,,0,sujetexa
BAC,TI,Français,2011,,0,sujetexa
BAC,TI,Français,2010,,0,sujetexa
BAC,TI,Informatique,2024,,0,sujetexa
BAC,TI,Informatique,2023,,0,sujetexa
BAC,TI,Informatique,2022,,0,sujetexa
BAC,TI,Informatique,2021,,0,sujetexa
BAC,TI,Informatique,2020,,0,sujetexa
BAC,TI,Informatique,2019,,0,sujetexa
BAC,TI,Informatique,2018,,0,sujetexa
BAC,TI,Informatique,2017,,0,sujetexa
BAC,TI,Informatique,2016,,0,sujetexa
BAC,TI,Informatique,2015,,0,sujetexa
BAC,TI,Informatique,2014,,0,sujetexa
BAC,TI,Informatique,2013,,0,sujetexa
BAC,TI,Informatique,2012,,0,sujetexa
BAC,TI,Informatique,2011,,0,sujetexa
BAC,TI,Informatique,2010,,0,sujetexa
BAC,TI,Mathematiques,2024,,0,sujetexa
BAC,TI,Mathematiques,2023,,0,sujetexa
BAC,TI,Mathematiques,2022,,0,sujetexa
BAC,TI,Mathematiques,2021,,0,sujetexa
BAC,TI,Mathematiques,2020,,0,sujetexa
BAC,TI,Mathematiques,2019,,0,sujetexa
BAC,TI,Mathematiques,2018,,0,sujetexa
BAC,TI,Mathematiques,2017,,0,sujetexa
BAC,TI,Mathematiques,2016,,0,sujetexa
BAC,TI,Mathematiques,2015,,0,sujetexa
BAC,TI,Mathematiques,2014,,0,sujetexa
BAC,TI,Mathematiques,2013,,0,sujetexa
BAC,TI,Mathematiques,2012,,0,sujetexa
BAC,TI,Mathematiques,2011,,0,sujetexa
BAC,TI,Mathematiques,2010,,0,sujetexa
BAC,TI,PCT,2024,,0,sujetexa
BAC,TI,PCT,2023,,0,sujetexa
BAC,TI,PCT,2022,,0,sujetexa
BAC,TI,PCT,2021,,0,sujetexa
BAC,TI,PCT,2020,,0,sujetexa
BAC,TI,PCT,2019,,0,sujetexa
BAC,TI,PCT,2018,,0,sujetexa
BAC,TI,PCT,2017,,0,sujetexa
BAC,TI,PCT,2016,,0,sujetexa
BAC,TI,PCT,2015,,0,sujetexa
BAC,TI,PCT,2014,,0,sujetexa
BAC,TI,PCT,2013,,0,sujetexa
BAC,TI,PCT,2012,,0,sujetexa
BAC,TI,PCT,2011,,0,sujetexa
BAC,TI,PCT,2010,,0,sujetexa
BAC,TI,Philosophie,2024,,0,sujetexa
BAC,TI,Philosophie,2023,,0,sujetexa
BAC,TI,Philosophie,2022,,0,sujetexa
BAC,TI,Philosophie,2021,,0,sujetexa
BAC,TI,Philosophie,2020,,0,sujetexa
BAC,TI,Philosophie,2019,,0,sujetexa
BAC,TI,Philosophie,2018,,0,sujetexa
BAC,TI,Philosophie,2017,,0,sujetexa
BAC,TI,Philosophie,2016,,0,sujetexa
BAC,TI,Philosophie,2015,,0,sujetexa
BAC,TI,Philosophie,2014,,0,sujetexa
BAC,TI,Philosophie,2013,,0,sujetexa
BAC,TI,Philosophie,2012,,0,sujetexa
BAC,TI,Philosophie,2011,,0,sujetexa
BAC,TI,Philosophie,2010,,0,sujetexa
BEPC,,Anglais,2024,,0,sujetexa
BEPC,,Anglais,2023,,0,sujetexa
BEPC,,Anglais,2022,,0,sujetexa
BEPC,,Anglais,2021,,0,sujetexa
BEPC,,Anglais,2020,,0,sujetexa
BEPC,,Anglais,2019,,0,sujetexa
BEPC,,Anglais,2018,,0,sujetexa
BEPC,,Anglais,2017,,0,sujetexa
BEPC,,Anglais,2016,,0,sujetexa
BEPC,,Anglais,2015,,0,sujetexa
BEPC,,Anglais,2014,,0,sujetexa
BEPC,,Anglais,2013,,0,sujetexa
BEPC,,Anglais,2012,,0,sujetexa
BEPC,,Anglais,2011,,0,sujetexa
BEPC,,Anglais,2010,,0,sujetexa
BEPC,,Français,2024,,0,sujetexa
BEPC,,Français,2023,,0,sujetexa
BEPC,,Français,2022,,0,sujetexa
BEPC,,Français,2021,,0,sujetexa
BEPC,,Français,2020,,0,sujetexa
BEPC,,Français,2019,,0,sujetexa
BEPC,,Français,2018,,0,sujetexa
BEPC,,Français,2017,,0,sujetexa
BEPC,,Français,2016,,0,sujetexa
BEPC,,Français,2015,,0,sujetexa
BEPC,,Français,2014,,0,sujetexa
BEPC,,Français,2013,,0,sujetexa
BEPC,,Français,2012,,0,sujetexa
BEPC,,Français,2011,,0,sujetexa
BEPC,,Français,2010,,0,sujetexa
BEPC,,Histoire-Géo,2024,,0,sujetexa
BEPC,,Histoire-Géo,2023,,0,sujetexa
BEPC,,Histoire-Géo,2022,,0,sujetexa
BEPC,,Histoire-Géo,2021,,0,sujetexa
BEPC,,Histoire-Géo,2020,,0,sujetexa
BEPC,,Histoire-Géo,2019,,0,sujetexa
BEPC,,Histoire-Géo,2018,,0,sujetexa
BEPC,,Histoire-Géo,2017,,0,sujetexa
BEPC,,Histoire-Géo,2016,,0,sujetexa
BEPC,,Histoire-Géo,2015,,0,sujetexa
BEPC,,Histoire-Géo,2014,,0,sujetexa
BEPC,,Histoire-Géo,2013,,0,sujetexa
BEPC,,Histoire-Géo,2012,,0,sujetexa
BEPC,,Histoire-Géo,2011,,0,sujetexa
BEPC,,Histoire-Géo,2010,,0,sujetexa
BEPC,,Mathematiques,2024,,0,sujetexa
BEPC,,Mathematiques,2023,,0,sujetexa
BEPC,,Mathematiques,2022,,0,sujetexa
BEPC,,Mathematiques,2021,,0,sujetexa
BEPC,,Mathematiques,2020,,0,sujetexa
BEPC,,Mathematiques,2019,,0,sujetexa
BEPC,,Mathematiques,2018,,0,sujetexa
BEPC,,Mathematiques,2017,,0,sujetexa
BEPC,,Mathematiques,2016,,0,sujetexa
BEPC,,Mathematiques,2015,,0,sujetexa
BEPC,,Mathematiques,2014,,0,sujetexa
BEPC,,Mathematiques,2013,,0,sujetexa
BEPC,,Mathematiques,2012,,0,sujetexa
BEPC,,Mathematiques,2011,,0,sujetexa
BEPC,,Mathematiques,2010,,0,sujetexa
BEPC,,PCT,2024,,0,sujetexa
BEPC,,PCT,2023,,0,sujetexa
BEPC,,PCT,2022,,0,sujetexa
BEPC,,PCT,2021,,0,sujetexa
BEPC,,PCT,2020,,0,sujetexa
BEPC,,PCT,2019,,0,sujetexa
BEPC,,PCT,2018,,0,sujetexa
BEPC,,PCT,2017,,0,sujetexa
BEPC,,PCT,2016,,0,sujetexa
BEPC,,PCT,2015,,0,sujetexa
BEPC,,PCT,2014,,0,sujetexa
BEPC,,PCT,2013,,0,sujetexa
BEPC,,PCT,2012,,0,sujetexa
BEPC,,PCT,2011,,0,sujetexa
BEPC,,PCT,2010,,0,sujetexa
BEPC,,SVT,2024,,0,sujetexa
BEPC,,SVT,2023,,0,sujetexa
BEPC,,SVT,2022,,0,sujetexa
BEPC,,SVT,2021,,0,sujetexa
BEPC,,SVT,2020,,0,sujetexa
BEPC,,SVT,2019,,0,sujetexa
BEPC,,SVT,2018,,0,sujetexa
BEPC,,SVT,2017,,0,sujetexa
BEPC,,SVT,2016,,0,sujetexa
BEPC,,SVT,2015,,0,sujetexa
BEPC,,SVT,2014,,0,sujetexa
BEPC,,SVT,2013,,0,sujetexa
BEPC,,SVT,2012,,0,sujetexa
BEPC,,SVT,2011,,0,sujetexa
BEPC,,SVT,2010,,0,sujetexa
Probatoire,A4,Anglais,2024,,0,sujetexa
Probatoire,A4,Anglais,2023,,0,sujetexa
Probatoire,A4,Anglais,2022,,0,sujetexa
Probatoire,A4,Anglais,2021,,0,sujetexa
Probatoire,A4,Anglais,2020,,0,sujetexa
Probatoire,A4,Anglais,2019,,0,sujetexa
Probatoire,A4,Anglais,2018,,0,sujetexa
Probatoire,A4,Anglais,2017,,0,sujetexa
Probatoire,A4,Anglais,2016,,0,sujetexa
Probatoire,A4,Anglais,2015,,0,sujetexa
Probatoire,A4,Anglais,2014,,0,sujetexa
Probatoire,A4,Anglais,2013,,0,sujetexa
Probatoire,A4,Anglais,2012,,0,sujetexa
Probatoire,A4,Anglais,2011,,0,sujetexa
Probatoire,A4,Anglais,2010,,0,sujetexa
Probatoire,A4,Français,2024,,0,sujetexa
Probatoire,A4,Français,2023,,0,sujetexa
Probatoire,A4,Français,2022,,0,sujetexa
Probatoire,A4,Français,2021,,0,sujetexa
Probatoire,A4,Français,2020,,0,sujetexa
Probatoire,A4,Français,2019,,0,sujetexa
Probatoire,A4,Français,2018,,0,sujetexa
Probatoire,A4,Français,2017,,0,sujetexa
Probatoire,A4,Français,2016,,0,sujetexa
Probatoire,A4,Français,2015,,0,sujetexa
Probatoire,A4,Français,2014,,0,sujetexa
Probatoire,A4,Français,2013,,0,sujetexa
Probatoire,A4,Français,2012,,0,sujetexa
Probatoire,A4,Français,2011,,0,sujetexa
Probatoire,A4,Français,2010,,0,sujetexa
Probatoire,A4,Histoire-Géo,2024,,0,sujetexa
Probatoire,A4,Histoire-Géo,2023,,0,sujetexa
Probatoire,A4,Histoire-Géo,2022,,0,sujetexa
Probatoire,A4,Histoire-Géo,2021,,0,sujetexa
Probatoire,A4,Histoire-Géo,2020,,0,sujetexa
Probatoire,A4,Histoire-Géo,2019,,0,sujetexa
Probatoire,A4,Histoire-Géo,2018,,0,sujetexa
Probatoire,A4,Histoire-Géo,2017,,0,sujetexa
Probatoire,A4,Histoire-Géo,2016,,0,sujetexa
Probatoire,A4,Histoire-Géo,2015,,0,sujetexa
Probatoire,A4,Histoire-Géo,2014,,0,sujetexa
Probatoire,A4,Histoire-Géo,2013,,0,sujetexa
Probatoire,A4,Histoire-Géo,2012,,0,sujetexa
Probatoire,A4,Histoire-Géo,2011,,0,sujetexa
Probatoire,A4,Histoire-Géo,2010,,0,sujetexa
Probatoire,A4,Philosophie,2024,,0,sujetexa
Probatoire,A4,Philosophie,2023,,0,sujetexa
Probatoire,A4,Philosophie,2022,,0,sujetexa
Probatoire,A4,Philosophie,2021,,0,sujetexa
Probatoire,A4,Philosophie,2020,,0,sujetexa
Probatoire,A4,Philosophie,2019,,0,sujetexa
Probatoire,A4,Philosophie,2018,,0,sujetexa
Probatoire,A4,Philosophie,2017,,0,sujetexa
Probatoire,A4,Philosophie,2016,,0,sujetexa
Probatoire,A4,Philosophie,2015,,0,sujetexa
Probatoire,A4,Philosophie,2014,,0,sujetexa
Probatoire,A4,Philosophie,2013,,0,sujetexa
Probatoire,A4,Philosophie,2012,,0,sujetexa
Probatoire,A4,Philosophie,2011,,0,sujetexa
Probatoire,A4,Philosophie,2010,,0,sujetexa
Probatoire,C,Anglais,2024,,0,sujetexa
Probatoire,C,Anglais,2023,,0,sujetexa
Probatoire,C,Anglais,2022,,0,sujetexa
Probatoire,C,Anglais,2021,,0,sujetexa
Probatoire,C,Anglais,2020,,0,sujetexa
Probatoire,C,Anglais,2019,,0,sujetexa
Probatoire,C,Anglais,2018,,0,sujetexa
Probatoire,C,Anglais,2017,,0,sujetexa
Probatoire,C,Anglais,2016,,0,sujetexa
Probatoire,C,Anglais,2015,,0,sujetexa
Probatoire,C,Anglais,2014,,0,sujetexa
Probatoire,C,Anglais,2013,,0,sujetexa
Probatoire,C,Anglais,2012,,0,sujetexa
Probatoire,C,Anglais,2011,,0,sujetexa
Probatoire,C,Anglais,2010,,0,sujetexa
Probatoire,C,Français,2024,,0,sujetexa
Probatoire,C,Français,2023,,0,sujetexa
Probatoire,C,Français,2022,,0,sujetexa
Probatoire,C,Français,2021,,0,sujetexa
Probatoire,C,Français,2020,,0,sujetexa
Probatoire,C,Français,2019,,0,sujetexa
Probatoire,C,Français,2018,,0,sujetexa
Probatoire,C,Français,2017,,0,sujetexa
Probatoire,C,Français,2016,,0,sujetexa
Probatoire,C,Français,2015,,0,sujetexa
Probatoire,C,Français,2014,,0,sujetexa
Probatoire,C,Français,2013,,0,sujetexa
Probatoire,C,Français,2012,,0,sujetexa
Probatoire,C,Français,2011,,0,sujetexa
Probatoire,C,Français,2010,,0,sujetexa
Probatoire,C,Mathematiques,2024,,0,sujetexa
Probatoire,C,Mathematiques,2023,,0,sujetexa
Probatoire,C,Mathematiques,2022,,0,sujetexa
Probatoire,C,Mathematiques,2021,,0,sujetexa
Probatoire,C,Mathematiques,2020,,0,sujetexa
Probatoire,C,Mathematiques,2019,,0,sujetexa
Probatoire,C,Mathematiques,2018,,0,sujetexa
Probatoire,C,Mathematiques,2017,,0,sujetexa
Probatoire,C,Mathematiques,2016,,0,sujetexa
Probatoire,C,Mathematiques,2015,,0,sujetexa
Probatoire,C,Mathematiques,2014,,0,sujetexa
Probatoire,C,Mathematiques,2013,,0,sujetexa
Probatoire,C,Mathematiques,2012,,0,sujetexa
Probatoire,C,Mathematiques,2011,,0,sujetexa
Probatoire,C,Mathematiques,2010,,0,sujetexa
Probatoire,C,PCT,2024,,0,sujetexa
Probatoire,C,PCT,2023,,0,sujetexa
Probatoire,C,PCT,2022,,0,sujetexa
Probatoire,C,PCT,2021,,0,sujetexa
Probatoire,C,PCT,2020,,0,sujetexa
Probatoire,C,PCT,2019,,0,sujetexa
Probatoire,C,PCT,2018,,0,sujetexa
Probatoire,C,PCT,2017,,0,sujetexa
Probatoire,C,PCT,2016,,0,sujetexa
Probatoire,C,PCT,2015,,0,sujetexa
Probatoire,C,PCT,2014,,0,sujetexa
Probatoire,C,PCT,2013,,0,sujetexa
Probatoire,C,PCT,2012,,0,sujetexa
Probatoire,C,PCT,2011,,0,sujetexa
Probatoire,C,PCT,2010,,0,sujetexa
Probatoire,C,Philosophie,2024,,0,sujetexa
Probatoire,C,Philosophie,2023,,0,sujetexa
Probatoire,C,Philosophie,2022,,0,sujetexa
Probatoire,C,Philosophie,2021,,0,sujetexa
Probatoire,C,Philosophie,2020,,0,sujetexa
Probatoire,C,Philosophie,2019,,0,sujetexa
Probatoire,C,Philosophie,2018,,0,sujetexa
Probatoire,C,Philosophie,2017,,0,sujetexa
Probatoire,C,Philosophie,2016,,0,sujetexa
Probatoire,C,Philosophie,2015,,0,sujetexa
Probatoire,C,Philosophie,2014,,0,sujetexa
Probatoire,C,Philosophie,2013,,0,sujetexa
Probatoire,C,Philosophie,2012,,0,sujetexa
Probatoire,C,Philosophie,2011,,0,sujetexa
Probatoire,C,Philosophie,2010,,0,sujetexa
Probatoire,D,Anglais,2024,,0,sujetexa
Probatoire,D,Anglais,2023,,0,sujetexa
Probatoire,D,Anglais,2022,,0,sujetexa
Probatoire,D,Anglais,2021,,0,sujetexa
Probatoire,D,Anglais,2020,,0,sujetexa
Probatoire,D,Anglais,2019,,0,sujetexa
Probatoire,D,Anglais,2018,,0,sujetexa
Probatoire,D,Anglais,2017,,0,sujetexa
Probatoire,D,Anglais,2016,,0,sujetexa
Probatoire,D,Anglais,2015,,0,sujetexa
Probatoire,D,Anglais,2014,,0,sujetexa
Probatoire,D,Anglais,2013,,0,sujetexa
Probatoire,D,Anglais,2012,,0,sujetexa
Probatoire,D,Anglais,2011,,0,sujetexa
Probatoire,D,Anglais,2010,,0,sujetexa
Probatoire,D,Français,2024,,0,sujetexa
Probatoire,D,Français,2023,,0,sujetexa
Probatoire,D,Français,2022,,0,sujetexa
Probatoire,D,Français,2021,,0,sujetexa
Probatoire,D,Français,2020,,0,sujetexa
Probatoire,D,Français,2019,,0,sujetexa
Probatoire,D,Français,2018,,0,sujetexa
Probatoire,D,Français,2017,,0,sujetexa
Probatoire,D,Français,2016,,0,sujetexa
Probatoire,D,Français,2015,,0,sujetexa
Probatoire,D,Français,2014,,0,sujetexa
Probatoire,D,Français,2013,,0,sujetexa
Probatoire,D,Français,2012,,0,sujetexa
Probatoire,D,Français,2011,,0,sujetexa
Probatoire,D,Français,2010,,0,sujetexa
Probatoire,D,Mathematiques,2024,,0,sujetexa
Probatoire,D,Mathematiques,2023,,0,sujetexa
Probatoire,D,Mathematiques,2022,,0,sujetexa
Probatoire,D,Mathematiques,2021,,0,sujetexa
Probatoire,D,Mathematiques,2020,,0,sujetexa
Probatoire,D,Mathematiques,2019,,0,sujetexa
Probatoire,D,Mathematiques,2018,,0,sujetexa
Probatoire,D,Mathematiques,2017,,0,sujetexa
Probatoire,D,Mathematiques,2016,,0,sujetexa
Probatoire,D,Mathematiques,2015,,0,sujetexa
Probatoire,D,Mathematiques,2014,,0,sujetexa
Probatoire,D,Mathematiques,2013,,0,sujetexa
Probatoire,D,Mathematiques,2012,,0,sujetexa
Probatoire,D,Mathematiques,2011,,0,sujetexa
Probatoire,D,Mathematiques,2010,,0,sujetexa
Probatoire,D,PCT,2024,,0,sujetexa
Probatoire,D,PCT,2023,,0,sujetexa
Probatoire,D,PCT,2022,,0,sujetexa
Probatoire,D,PCT,2021,,0,sujetexa
Probatoire,D,PCT,2020,,0,sujetexa
Probatoire,D,PCT,2019,,0,sujetexa
Probatoire,D,PCT,2018,,0,sujetexa
Probatoire,D,PCT,2017,,0,sujetexa
Probatoire,D,PCT,2016,,0,sujetexa
Probatoire,D,PCT,2015,,0,sujetexa
Probatoire,D,PCT,2014,,0,sujetexa
Probatoire,D,PCT,2013,,0,sujetexa
Probatoire,D,PCT,2012,,0,sujetexa
Probatoire,D,PCT,2011,,0,sujetexa
Probatoire,D,PCT,2010,,0,sujetexa
Probatoire,D,Philosophie,2024,,0,sujetexa
Probatoire,D,Philosophie,2023,,0,sujetexa
Probatoire,D,Philosophie,2022,,0,sujetexa
Probatoire,D,Philosophie,2021,,0,sujetexa
Probatoire,D,Philosophie,2020,,0,sujetexa
Probatoire,D,Philosophie,2019,,0,sujetexa
Probatoire,D,Philosophie,2018,,0,sujetexa
Probatoire,D,Philosophie,2017,,0,sujetexa
Probatoire,D,Philosophie,2016,,0,sujetexa
Probatoire,D,Philosophie,2015,,0,sujetexa
Probatoire,D,Philosophie,2014,,0,sujetexa
Probatoire,D,Philosophie,2013,,0,sujetexa
Probatoire,D,Philosophie,2012,,0,sujetexa
Probatoire,D,Philosophie,2011,,0,sujetexa
Probatoire,D,Philosophie,2010,,0,sujetexa
Probatoire,D,SVT,2024,,0,sujetexa
Probatoire,D,SVT,2023,,0,sujetexa
Probatoire,D,SVT,2022,,0,sujetexa
Probatoire,D,SVT,2021,,0,sujetexa
Probatoire,D,SVT,2020,,0,sujetexa
Probatoire,D,SVT,2019,,0,sujetexa
Probatoire,D,SVT,2018,,0,sujetexa
Probatoire,D,SVT,2017,,0,sujetexa
Probatoire,D,SVT,2016,,0,sujetexa
Probatoire,D,SVT,2015,,0,sujetexa
Probatoire,D,SVT,2014,,0,sujetexa
Probatoire,D,SVT,2013,,0,sujetexa
Probatoire,D,SVT,2012,,0,sujetexa
Probatoire,D,SVT,2011,,0,sujetexa
Probatoire,D,SVT,2010,,0,sujetexa
Probatoire,TI,Anglais,2024,,0,sujetexa
Probatoire,TI,Anglais,2023,,0,sujetexa
Probatoire,TI,Anglais,2022,,0,sujetexa
Probatoire,TI,Anglais,2021,,0,sujetexa
Probatoire,TI,Anglais,2020,,0,sujetexa
Probatoire,TI,Anglais,2019,,0,sujetexa
Probatoire,TI,Anglais,2018,,0,sujetexa
Probatoire,TI,Anglais,2017,,0,sujetexa
Probatoire,TI,Anglais,2016,,0,sujetexa
Probatoire,TI,Anglais,2015,,0,sujetexa
Probatoire,TI,Anglais,2014,,0,sujetexa
Probatoire,TI,Anglais,2013,,0,sujetexa
Probatoire,TI,Anglais,2012,,0,sujetexa
Probatoire,TI,Anglais,2011,,0,sujetexa
Probatoire,TI,Anglais,2010,,0,sujetexa
Probatoire,TI,Français,2024,,0,sujetexa
Probatoire,TI,Français,2023,,0,sujetexa
Probatoire,TI,Français,2022,,0,sujetexa
Probatoire,TI,Français,2021,,0,sujetexa
Probatoire,TI,Français,2020,,0,sujetexa
Probatoire,TI,Français,2019,,0,sujetexa
Probatoire,TI,Français,2018,,0,sujetexa
Probatoire,TI,Français,2017,,0,sujetexa
Probatoire,TI,Français,2016,,0,sujetexa
Probatoire,TI,Français,2015,,0,sujetexa
Probatoire,TI,Français,2014,,0,sujetexa
Probatoire,TI,Français,2013,,0,sujetexa
Probatoire,TI,Français,2012,,0,sujetexa
Probatoire,TI,Français,2011,,0,sujetexa
Probatoire,TI,Français,2010,,0,sujetexa
Probatoire,TI,Informatique,2024,,0,sujetexa
Probatoire,TI,Informatique,2023,,0,sujetexa
Probatoire,TI,Informatique,2022,,0,sujetexa
Probatoire,TI,Informatique,2021,,0,sujetexa
Probatoire,TI,Informatique,2020,,0,sujetexa
Probatoire,TI,Informatique,2019,,0,sujetexa
Probatoire,TI,Informatique,2018,,0,sujetexa
Probatoire,TI,Informatique,2017,,0,sujetexa
Probatoire,TI,Informatique,2016,,0,sujetexa
Probatoire,TI,Informatique,2015,,0,sujetexa
Probatoire,TI,Informatique,2014,,0,sujetexa
Probatoire,TI,Informatique,2013,,0,sujetexa
Probatoire,TI,Informatique,2012,,0,sujetexa
Probatoire,TI,Informatique,2011,,0,sujetexa
Probatoire,TI,Informatique,2010,,0,sujetexa
Probatoire,TI,Mathematiques,2024,,0,sujetexa
Probatoire,TI,Mathematiques,2023,,0,sujetexa
Probatoire,TI,Mathematiques,2022,,0,sujetexa
Probatoire,TI,Mathematiques,2021,,0,sujetexa
Probatoire,TI,Mathematiques,2020,,0,sujetexa
Probatoire,TI,Mathematiques,2019,,0,sujetexa
Probatoire,TI,Mathematiques,2018,,0,sujetexa
Probatoire,TI,Mathematiques,2017,,0,sujetexa
Probatoire,TI,Mathematiques,2016,,0,sujetexa
Probatoire,TI,Mathematiques,2015,,0,sujetexa
Probatoire,TI,Mathematiques,2014,,0,sujetexa
Probatoire,TI,Mathematiques,2013,,0,sujetexa
Probatoire,TI,Mathematiques,2012,,0,sujetexa
Probatoire,TI,Mathematiques,2011,,0,sujetexa
Probatoire,TI,Mathematiques,2010,,0,sujetexa
Probatoire,TI,PCT,2024,,0,sujetexa
Probatoire,TI,PCT,2023,,0,sujetexa
Probatoire,TI,PCT,2022,,0,sujetexa
Probatoire,TI,PCT,2021,,0,sujetexa
Probatoire,TI,PCT,2020,,0,sujetexa
Probatoire,TI,PCT,2019,,0,sujetexa
Probatoire,TI,PCT,2018,,0,sujetexa
Probatoire,TI,PCT,2017,,0,sujetexa
Probatoire,TI,PCT,2016,,0,sujetexa
Probatoire,TI,PCT,2015,,0,sujetexa
Probatoire,TI,PCT,2014,,0,sujetexa
Probatoire,TI,PCT,2013,,0,sujetexa
Probatoire,TI,PCT,2012,,0,sujetexa
Probatoire,TI,PCT,2011,,0,sujetexa
Probatoire,TI,PCT,2010,,0,sujetexa
