fichier,pdf_path,niveau,serie,annee,matiere,pages,url,slug,filigrane_ajoute,date_traitement,erreur
Probatoire_C_1999.pdf,out/Probatoire_C_1999.pdf,Probatoire C,C,1999,Inconnu,2,https://examenscam.onrender.com/pdfs/Probatoire_C_1999.pdf,probatoire-c-1999-inconnu,Oui,2026-05-17 18:35:54,
Probatoire_C_2000.pdf,out/Probatoire_C_2000.pdf,Probatoire C,C,2000,Inconnu,2,https://examenscam.onrender.com/pdfs/Probatoire_C_2000.pdf,probatoire-c-2000-inconnu,Oui,2026-05-17 18:35:54,
Probatoire_C_2001.pdf,out/Probatoire_C_2001.pdf,Probatoire C,C,2001,Inconnu,3,https://examenscam.onrender.com/pdfs/Probatoire_C_2001.pdf,probatoire-c-2001-inconnu,Oui,2026-05-17 18:35:54,
Probatoire_C_2002.pdf,out/Probatoire_C_2002.pdf,Probatoire C,C,2002,Inconnu,2,https://examenscam.onrender.com/pdfs/Probatoire_C_2002.pdf,probatoire-c-2002-inconnu,Oui,2026-05-17 18:35:54,
Probatoire_C_2003.pdf,out/Probatoire_C_2003.pdf,Probatoire C,C,2003,Inconnu,3,https://examenscam.onrender.com/pdfs/Probatoire_C_2003.pdf,probatoire-c-2003-inconnu,Oui,2026-05-17 18:35:54,
Probatoire_C_2004.pdf,out/Probatoire_C_2004.pdf,Probatoire C,C,2004,Inconnu,3,https://examenscam.onrender.com/pdfs/Probatoire_C_2004.pdf,probatoire-c-2004-inconnu,Oui,2026-05-17 18:35:54,
Probatoire_C_2005.pdf,out/Probatoire_C_2005.pdf,Probatoire C,C,2005,Inconnu,3,https://examenscam.onrender.com/pdfs/Probatoire_C_2005.pdf,probatoire-c-2005-inconnu,Oui,2026-05-17 18:35:54,
Probatoire_C_2006.pdf,out/Probatoire_C_2006.pdf,Probatoire C,C,2006,Inconnu,2,https://examenscam.onrender.com/pdfs/Probatoire_C_2006.pdf,probatoire-c-2006-inconnu,Oui,2026-05-17 18:35:54,
Probatoire_C_2007.pdf,out/Probatoire_C_2007.pdf,Probatoire C,C,2007,Inconnu,2,https://examenscam.onrender.com/pdfs/Probatoire_C_2007.pdf,probatoire-c-2007-inconnu,Oui,2026-05-17 18:35:54,
Probatoire_C_2009.pdf,out/Probatoire_C_2009.pdf,Probatoire C,C,2009,Inconnu,3,https://examenscam.onrender.com/pdfs/Probatoire_C_2009.pdf,probatoire-c-2009-inconnu,Oui,2026-05-17 18:35:54,
Probatoire_C_2010.pdf,out/Probatoire_C_2010.pdf,Probatoire C,C,2010,Inconnu,2,https://examenscam.onrender.com/pdfs/Probatoire_C_2010.pdf,probatoire-c-2010-inconnu,Oui,2026-05-17 18:35:54,
Probatoire_C_2011.pdf,out/Probatoire_C_2011.pdf,Probatoire C,C,2011,Inconnu,2,https://examenscam.onrender.com/pdfs/Probatoire_C_2011.pdf,probatoire-c-2011-inconnu,Oui,2026-05-17 18:35:54,
Probatoire_C_2012.pdf,out/Probatoire_C_2012.pdf,Probatoire C,C,2012,Inconnu,2,https://examenscam.onrender.com/pdfs/Probatoire_C_2012.pdf,probatoire-c-2012-inconnu,Oui,2026-05-17 18:35:54,
Probatoire_C_2013.pdf,out/Probatoire_C_2013.pdf,Probatoire C,C,2013,Inconnu,2,https://examenscam.onrender.com/pdfs/Probatoire_C_2013.pdf,probatoire-c-2013-inconnu,Oui,2026-05-17 18:35:54,
Probatoire_C_2014.pdf,out/Probatoire_C_2014.pdf,Probatoire C,C,2014,Inconnu,2,https://examenscam.onrender.com/pdfs/Probatoire_C_2014.pdf,probatoire-c-2014-inconnu,Oui,2026-05-17 18:35:54,
Probatoire_C_2015.pdf,out/Probatoire_C_2015.pdf,Probatoire C,C,2015,Inconnu,2,https://examenscam.onrender.com/pdfs/Probatoire_C_2015.pdf,probatoire-c-2015-inconnu,Oui,2026-05-17 18:35:54,
Probatoire_C_2016.pdf,out/Probatoire_C_2016.pdf,Probatoire C,C,2016,Inconnu,2,https://examenscam.onrender.com/pdfs/Probatoire_C_2016.pdf,probatoire-c-2016-inconnu,Oui,2026-05-17 18:35:54,
Probatoire_C_2017.pdf,out/Probatoire_C_2017.pdf,Probatoire C,C,2017,Inconnu,2,https://examenscam.onrender.com/pdfs/Probatoire_C_2017.pdf,probatoire-c-2017-inconnu,Oui,2026-05-17 18:35:54,
Probatoire_C_2018.pdf,out/Probatoire_C_2018.pdf,Probatoire C,C,2018,Inconnu,2,https://examenscam.onrender.com/pdfs/Probatoire_C_2018.pdf,probatoire-c-2018-inconnu,Oui,2026-05-17 18:35:54,
Probatoire_C_2019.pdf,out/Probatoire_C_2019.pdf,Probatoire C,C,2019,Inconnu,2,https://examenscam.onrender.com/pdfs/Probatoire_C_2019.pdf,probatoire-c-2019-inconnu,Oui,2026-05-17 18:35:54,
Probatoire_C_2020.pdf,out/Probatoire_C_2020.pdf,Probatoire C,C,2020,Inconnu,1,https://examenscam.onrender.com/pdfs/Probatoire_C_2020.pdf,probatoire-c-2020-inconnu,Oui,2026-05-17 18:35:54,
Probatoire_C_2021.pdf,out/Probatoire_C_2021.pdf,Probatoire C,C,2021,Inconnu,2,https://examenscam.onrender.com/pdfs/Probatoire_C_2021.pdf,probatoire-c-2021-inconnu,Oui,2026-05-17 18:35:54,
Probatoire_C_2022(1).pdf,out/Probatoire_C_2022(1).pdf,Probatoire C,C,0000,Inconnu,1,https://examenscam.onrender.com/pdfs/Probatoire_C_2022(1).pdf,probatoire-c-0000-inconnu,Oui,2026-05-17 18:35:54,
Probatoire_C_2022.pdf,out/Probatoire_C_2022.pdf,Probatoire C,C,2022,Inconnu,1,https://examenscam.onrender.com/pdfs/Probatoire_C_2022.pdf,probatoire-c-2022-inconnu,Oui,2026-05-17 18:35:54,
Probatoire_C_2024.pdf,out/Probatoire_C_2024.pdf,Probatoire C,C,2024,Inconnu,2,https://examenscam.onrender.com/pdfs/Probatoire_C_2024.pdf,probatoire-c-2024-inconnu,Oui,2026-05-17 18:35:54,
Probatoire_C_2025.pdf,out/Probatoire_C_2025.pdf,Probatoire C,C,2025,Inconnu,2,https://examenscam.onrender.com/pdfs/Probatoire_C_2025.pdf,probatoire-c-2025-inconnu,Oui,2026-05-17 18:35:54,
